Semente,Gerações,Indivíduo_mais_apto,Adaptação,Índice_de_Convergência,alfa_0,e
0,20,G20_37,1.6253371937187953,0.7986790858725686,10,0.4
0,300,G293_39,2.227682708666553,0.999431301939058,10,0.4
1,300,G300_11,2.1092608822670176,0.996295567867036,10,0.4
2,300,G300_23,2.3907284768211925,0.9964746537396116,10,0.4
3,300,G300_8,2.2661644695543006,0.9966398891966756,10,0.4
4,300,G296_17,2.2167638931532085,0.998464681440443,10,0.4
