Semente,Gerações,Indivíduo_mais_apto,Adaptação,Índice_de_Convergência,alfa_0,e
5,300,Proj_67,1.289746337977849,0.8788269030470931,10,0.1
6,300,Proj_111,1.3789152024446143,0.8612852299168994,10,0.1
7,300,Proj_102,1.1764705882352944,0.8784742825484799,10,0.1
8,300,Proj_46,1.1765664466715555,0.8678568421052658,10,0.1
9,300,Proj_13,1.2957645369705673,0.8799734072022186,10,0.1
10,300,Proj_21,1.1539998401662275,0.8648185263157905,10,0.1
