Semente,Gerações,Indivíduo_mais_apto,Adaptação,Índice_de_Convergência,alfa_0,e
0,300,G300_4,2.0735209649626656,0.9961908587257612,10,0.4
1,300,G299_39,2.579427583150065,0.997702770083102,10,0.4
0,300,G299_39,2.579427583150065,0.997702770083102,10,0.4
2,300,G297_29,2.085499711149625,0.9956795013850414,10,0.4
3,300,G299_29,3.353460287970275,0.9980422437673124,10,0.4
4,300,G300_14,2.3656618610747056,0.9964898891966754,10,0.4
